{
	"rules": {
		"class-name": true,
		"curly": true,
		"eofline": false,
		"forin": true,
		"indent": [
			true,
			"tabs"
		],
		"label-position": true,
		"max-line-length": [
			true,
			160
		],
		"no-arg": true,
		"no-bitwise": true,
		"no-construct": true,
		"no-debugger": true,
		"no-duplicate-variable": true,
		"no-empty": true,
		"no-eval": true,
		"no-string-literal": false,
		"no-trailing-whitespace": true,
		"no-unused-variable": false,
		"no-use-before-declare": true,
		"one-line": [
			true,
			"check-open-brace",
			"check-catch",
			"check-else",
			"check-whitespace"
		],
		"quotemark": [
			true,
			"single"
		],
		"radix": true,
		"semicolon": true,
		"triple-equals": [
			true,
			"allow-null-check"
		],
		"variable-name": false,
		"whitespace": [
			true,
			"check-branch",
			"check-decl",
			"check-operator",
			"check-separator"
		]
	}
}